record_type,key,name,speakers,session,day,time,affiliation,website,title,abstract
session,chris lovell introduction tuesday june 23rd 09 00 09 30,Chris Lovell,Chris Lovell,Introduction,Tuesday (June 23rd),09:00 - 09:30,University of Cambridge,,Introduction,"Introduction to the meeting, local organising details"
session,maximilian von wietersheim kramsta invited talk wednesday june 24th 09 00 10 00,Maximilian von Wietersheim-Kramsta,Maximilian von Wietersheim-Kramsta,Invited talk,Wednesday (June 24th),09:00 - 10:00,Durham University,,Overcoming the Simulation Bottleneck: How can we get enough simulations for the next-generation SBI,"The application of Simulation-Based Inference (SBI) in galaxy evolution and cosmology provides a powerful implicit-likelihood framework to connect fundamental physics with complex observational data from telescopes such as Euclid, the Rubin Observatory, DESI, and JWST. However, the field faces a critical computational bottleneck: the massive simulation budget required to forward-model multi-scale phenomena, from the detailed sub-grid baryonic physics of galaxy formation to large-scale dark matter structure.
This discussion session will synthesise recent advancements designed to dismantle these limitations. Drawing on successes from recent massive survey pipelines and proof-of-concept studies (e.g., emulation of the galaxy-halo connection or rapid spectro-photometric SED fitting), we will explore how novel sequential and active learning approaches iteratively target high-dimensional parameter spaces, reducing simulation budgets by orders of magnitude. We will also discuss strategies for maximising the utility of existing simulation suites, such as utilising multi-fidelity transfer learning, or reducing the need for data compression by deploying highly expressive neural density estimators. Furthermore, we will examine the critical role of neural emulators in bypassing expensive hydrodynamical runs altogether, alongside the practical trade-offs of migrating legacy CPU-based astrophysical codes to highly parallelised GPU architectures and differentiable programming frameworks.
Ultimately, this session aims to collate the diverse computational tools currently at the community’s disposal, establishing community best practices and identifying which combinations of these approaches will most effectively drive the next generation of cutting-edge SBI analyses."
session,hiranya peiris invited talk thursday june 25th 09 00 10 00,Hiranya Peiris,Hiranya Peiris,Invited talk,Thursday (June 25th),09:00 - 10:00,University of Cambridge,Galaxy Evolution Meets Cosmological Inference,,"Next-generation cosmological surveys — LSST, Euclid, Roman — will be limited not by statistical power but by systematic uncertainties rooted in our understanding of galaxy populations. Photometric redshift calibration, intrinsic alignments, and baryonic effects on the matter power spectrum are all manifestations of the same underlying problem: cosmological inference requires an accurate model of the galaxy population and its evolution. I will present pop-cosmos, a simulation-based inference framework that learns the joint distribution of galaxy properties — redshift, stellar mass, star formation history, dust, metallicity, and black hole activity — from deep multiwavelength photometric data. The resulting generative model simultaneously delivers calibrated redshift distributions for weak lensing tomography, enables physically-motivated sample selection that mitigates intrinsic alignment contamination and unlocks multi-tracer clustering analyses, and provides improved Type Ia supernova standardisation through host galaxy property inference. It also reveals the astrophysical processes — including black-hole-driven feedback and the cessation of star formation — that shape the very populations we use as cosmological tracers. I will show applications spanning the Kilo-Degree Survey, DESI, the Zwicky Transient Facility, and COSMOS-Web, illustrating how a unified model of galaxy evolution connects to the next generation of cosmological constraints."
session,deaglan bartlett invited talk friday june 26th 09 00 10 00,Deaglan Bartlett,Deaglan Bartlett,Invited talk,Friday (June 26th),09:00 - 10:00,University of Oxford,,,
session,thomas harvey talk tuesday june 23rd 09 30 10 15,Thomas Harvey,Thomas Harvey,Talk,Tuesday (June 23rd),09:30 - 10:15,University of Manchester,,,
session,arya farahi talk wednesday june 24th 10 00 10 15,Arya Farahi,Arya Farahi,Talk,Wednesday (June 24th),10:00 - 10:15,,,A Lightweight Simulation-Based Inference via Regression Projection for Population Generative Models,"We propose a scalable simulation-based inference (SBI) framework designed for complex scientific simulators like those in the DREAMS cosmology project, a suite of thousands of state-of-the-art hydrodynamic and cosmological simulations aimed at understanding dark matter and galaxy formation by systematically varying astrophysical and cosmological parameters. DREAMS provides large statistical ensembles of Milky Way-mass halo simulations, enabling rigorous quantification of theoretical uncertainties such as halo-to-halo variance and the influence of baryonic feedback on galaxy structure and dark matter observables.

Our SBI method builds inference around a lightweight projection of the data via a surrogate regression. Candidate parameters are evaluated by simulating small batches and assigning weights based on residual discrepancies with the projected data. The resulting self-normalized pseudo-posterior is computationally efficient, highly parallelizable, and requires only the fitted regression summaries, making it well suited to workflows that must repeatedly interrogate large simulation suites. We demonstrate the practical value of this approach in cosmological parameter calibration tasks using DREAMS data, where traditional likelihood-based techniques are impractical due to the simulator complexity and size. As the DREAMS papers have shown, statistical characterization of dark matter speed distributions and halo structural properties across large ensembles is crucial for interpreting astrophysical measurements and experimental constraints. Our lightweight SBI framework enables such calibration with significantly reduced computational overhead while offering insight into when low-dimensional projections suffice versus when richer summaries are needed to capture the underlying astrophysical variability."
session,sinan deger talk thursday june 25th 10 00 10 15,Sinan Deger,Sinan Deger,Talk,Thursday (June 25th),10:00 - 10:15,University of Cambridge,,pop-cosmos: Mass assembly and star formation over 12 Gyr from generative modelling of a deep infrared-selected galaxy catalogue,"Panchromatic surveys such as COSMOS have expanded our understanding of how galaxies evolve through cosmic time immensely. Surveys such as the Vera C. Rubin Observatory's LSST are promising an unprecedented view of this evolutionary paradigm provided the massive data challenge they pose is answered. We have been developing pop-cosmos, a comprehensive galaxy population model housing a 16-parameter SPS model parametrized by a flexible diffusion model. The 16D distribution over galaxy properties including their redshift is forward-calibrated on 26-band photometry from COSMOS with a deep infrared selection. In a recent paper we used a galaxy catalogue drawn from the trained pop-cosmos model to investigate the stellar mass assembly and star formation histories of galaxies up to z=4. I will highlight key results such as the cosmic star formation rate density inferred from our model, and will present a look into the quenching mechanisms of galaxy populations. Our investigation finds a shift of the cosmic dawn towards earlier lookback times, and uncovers correlations between star formation, AGN activity and quenching difficult to capture without a population-level analysis. Connecting another key piece of the mass assembly puzzle, we are implementing a galaxy-halo connection to our framework. To do so we are forming a bridge with another forward model approach, UniverseMachine, that constrains halo assembly histories via a detailed reproduction of key galaxy scaling relations. To conclude,  I will present how we are connecting the two models with conditional diffusion, and what we infer about galaxy assembly and quenching from the joint evolution in stellar and halo mass."
session,christian kragh jespersen talk friday june 26th 10 00 10 15,Christian Kragh Jespersen,Christian Kragh Jespersen,Talk,Friday (June 26th),10:00 - 10:15,,,Connecting Environment and Assembly to Measure the Formation Histories of Dark Matter Halos With GNN-powered SBI,"Modelling the connection between galaxies and their host dark matter halos is a fundamental task in galaxy evolution. The modern use of Graph Neural Networks has allowed a deeper exploration of these relationships on both a galaxy-by-galaxy and population level, demonstrating that galaxies, halos, and their relationships are greatly influenced by both their detailed spatial environments and temporal assembly history. In this talk, I demonstrate a full equivalence in the impact of halo environments and assembly histories on a broad range of baryonic galaxy properties. This result holds when simulating galaxy properties using both full magnetohydrodynamic codes or semi-analytic models, demonstrating that the equivalence is driven by the effect of dark matter on galaxies. To achieve the equivalence, the environment cannot be expressed as spherically averaged density, but must be encoded as a graph, linking halos on sufficiently large spatial scales. We furthermore measure the linking lengths that give optimal predictions for each galaxy property, and show that these are directly related to the typical extent of all halo progenitors. The equivalence offers a tantalizing opportunities for Geometric Deep Learning Simulation-Based inference of the assembly histories of host halos in the real Universe. I will finish by showing some early results demonstrating our GNN-SBI’s capability to directly infer key events in the formation of dark matter halos."
session,grant stevens talk tuesday june 23rd 10 15 10 30,Grant Stevens,Grant Stevens,Talk,Tuesday (June 23rd),10:15 - 10:30,University of Bristol,,,
session,silvan fischbacher talk wednesday june 24th 10 15 10 30,Silvan Fischbacher,Silvan Fischbacher,Talk,Wednesday (June 24th),10:15 - 10:30,,,"GalSBI: Accurate Photometric, Morphological and Spatial Galaxy Distributions with Simulation-Based Inference","Accurate modelling of galaxy populations is critical for unlocking the full potential of cosmological large-scale structure surveys, from quantifying selection effects to image-based calibration and photometric redshift estimation. In this talk, I will present GalSBI, an open-source framework for constructing highly realistic synthetic galaxy catalogs, constrained end-to-end with simulation-based inference.

GalSBI combines parametric descriptions of luminosity functions, morphologies, and spectral energy distributions with SHAM-OT — a novel subhalo abundance matching scheme based on optimal transport — to jointly model the photometric and spatial properties of observed galaxy populations. Model parameters are inferred via an iterative Approximate Bayesian Computation scheme by comparing HSC and DES imaging data to forward-modelled image simulations incorporating instrumental, observational, and source-extraction effects, including PSF and background variations and source blending. The resulting framework simultaneously reproduces observed magnitudes, colors, sizes, redshift distributions, and clustering statistics with high fidelity. By linking intrinsic galaxy populations to realistic image-level observables within a unified inference framework, GalSBI provides a scalable foundation for precision cosmology in current and next-generation surveys."
session,sherman khoo talk thursday june 25th 10 15 10 30,Sherman Khoo,Sherman Khoo,Talk,Thursday (June 25th),10:15 - 10:30,,,Minimum Distance Summaries for Robust Neural Posterior Estimation,"Simulation-based inference (SBI) enables amortized Bayesian inference by first training a neural posterior estimator (NPE) on prior-simulator pairs, typically through low-dimensional summary statistics, which can then be cheaply reused for fast inference by querying it on new test observations. Because NPE is estimated under the training data distribution, it is susceptible to misspecification when observations deviate from the training distribution. Many robust SBI approaches address this by modifying NPE training or introducing error models, coupling robustness to the inference network and compromising amortization and modularity. We introduce minimum-distance summaries, a plug-in robust NPE method that adapts queried test-time summaries independently of the pretrained NPE. Leveraging the maximum mean discrepancy (MMD) as a distance between observed data and a summary-conditional predictive distribution, the adapted summary inherits strong robustness properties from the MMD. We demonstrate that the algorithm can be implemented efficiently with random Fourier feature approximations, yielding a lightweight, model-free test-time adaptation procedure. We provide theoretical guarantees for the robustness of our algorithm and empirically evaluate it on a range of synthetic and real-world tasks, demonstrating substantial robustness gains with minimal additional overhead."
session,andrew green talk friday june 26th 10 15 10 30,Andrew Green,Andrew Green,Talk,Friday (June 26th),10:15 - 10:30,,,Introducing L-Galaxies AD: an auto-differentiable galaxy evolution simulation,"Semi-analytic models (SAMs), such as L-Galaxies, play a vital role in modelling galaxy populations across cosmological volumes. These models evolve baryonic physics on pre-computed dark matter halo merger trees and achieve much lower computational cost than full hydrodynamical simulations. This efficiency supports robust parameter inference via methods such as Markov Chain Monte Carlo (MCMC), enabling extensive model calibration and comparison with observations. However, as SAM physics become more complex and parameter spaces expand, run times increase, making traditional inference increasingly challenging.

We present a new optimised, parallel C++ implementation of L-Galaxies (Yates et al., 2024) that we have made fully differentiable. We ensure differentiability by using operator overloading for forward- and reverse-mode automatic differentiation (AD). By structuring the SAM as a computational graph, we enable process-level parallelism and enable efficient reverse-mode AD.

By exposing exact gradients via AD, our framework enables gradient-based inference methods such as Hamiltonian Monte Carlo (HMC), which deliver higher sampling efficiency and faster convergence in complex, high-dimensional parameter spaces. 

Our differentiable, parallel SAM will be used to generate extensive galaxy catalogues efficiently, and to directly constrain model parameters using Bayesian inference against super-high-resolution hydrodynamical simulations — demonstrating a scalable gradient-aware approach to simulation-based inference for galaxy evolution."
session,robert feldmann talk wednesday june 24th 10 30 10 45,Robert Feldmann,Robert Feldmann,Talk,Wednesday (June 24th),10:30 - 10:45,,,Reconstructing the cosmological distribution of dark matter from HI with Deep Learning,"Next-generation radio telescopes will deliver unprecedented measurements of the neutral hydrogen (HI) distribution across cosmic time. These data offer the potential to infer the underlying dark matter field, but such field-level reconstructions are challenging due to the complex galaxy-formation physics shaping the HI–dark matter connection. Deep Learning based emulators can play a key role in these inference steps. I will present results from the recently introduced EMBER-2 model, demonstrating its potential to infer dark matter distributions from HI at z=0-6 at the field level. Trained on cosmological galaxy-formation simulations performed with FIRE-2 physics, the model accurately recovers key statistics of the dark matter field, including mass fractions, surface-density profiles, and cross-correlations. Looking ahead, this approach could be incorporated into the analysis pipelines of upcoming radio surveys to provide a complementary avenue for probing the dark Universe."
session,alex saoulis talk thursday june 25th 10 30 10 45,Alex Saoulis,Alex Saoulis,Talk,Thursday (June 25th),10:30 - 10:45,,,Field-level cosmology with O(10) simulations using multifidelity SBI: a proof-of-concept for KiDS-legacy weak lensing,"The weak lensing shear field encodes substantially more cosmological information than standard summary statistics such as the power spectrum. Field-level inference can fully exploit this information, but physical realism at the field-level requires very high fidelity simulations. This poses a major challenge for SBI: extracting maximal information with deep-learning-based neural compression requires many training simulations, but achieving physical realism at the field level makes each simulation extremely costly. We demonstrate that multifidelity SBI can alleviate this tension by dramatically reducing the number of high-fidelity simulations needed for accurate cosmological inference. We pre-train neural compression models on KiDS-legacy-like shear mocks using fast log-normal GLASS simulations and fine-tune them on a small set of high-fidelity $N$-body simulations. We show that as few as $40$ high-fidelity simulations are sufficient to obtain informative and well-calibrated cosmological posteriors, enabling an order-of-magnitude reduction in simulation cost for accurate field-level inference in a realistic setting."
session,sophie newman talk friday june 26th 10 30 10 45,Sophie Newman,Sophie Newman,Talk,Friday (June 26th),10:30 - 10:45,,,Exploring the Impact of AGN and Dust on Galaxy Luminosity Functions with Semi-Analytic Models,"We generate synthetic observations from the CAMELS-SAM semi-analytic model to connect galaxy formation physics directly to observable quantities. We systematically explore physically motivated AGN spectral energy distribution (SED) models tied to galaxy and black hole properties, alongside a suite of dust models varying in grain-size distribution, dust mass, and composition.

We show that uncertainties in AGN and dust prescriptions significantly affect broadband fluxes and galaxy luminosity functions, particularly at high redshift. By embedding this forward-modelling framework within CAMELS-SAM, we enable simulation-based inference (SBI), allowing observational data to place joint constraints on AGN physics and dust properties for upcoming surveys."
session,teresa matamoro talk wednesday june 24th 10 45 11 00,Teresa Matamoro,Teresa Matamoro,Talk,Wednesday (June 24th),10:45 - 11:00,,,Constraining Forward modelling Uncertainties in AGN Spectra using SBI and Latent-Space Embeddings,"The complex physics of AGN fall below the resolution limits of cosmological simulations. This leads us to use sub-grid prescriptions that simplify the physics of these objects, often leading to discrepancies with observed galaxy populations. To test these models against data, we must forward-model the simulations, which introduces its own degenerate uncertainties. We present an SBI framework designed to disentangle these effects by directly comparing state-of-the-art simulations with DESI Bright Galaxy Survey (BGS) AGN spectra.

Using the SYNTHESIZER (Lovell et al. 2025) and PROVABGS (Hahn et al. 2022) pipelines, we generate mock spectra that incorporate DESI-specific instrumental and atmospheric effects. To overcome the high dimensionality of spectroscopic data, we utilize the SPENDER (Melchior et al. 2022) auto-encoder architecture to compress both the high-dimensional DESI observations and our synthetic spectra from different simulations into a shared latent space. This yields highly informative, low-dimensional summary statistics for our inference pipeline.

Using these latent-space embeddings, we apply SBI to infer the forward-modelling parameters that most likely reproduce the observed AGN population. We do this by constructing an AGN spectroscopic luminosity function LF for both the DESI BGS BPT-selected AGN sample and our synthetic spectra, enabling population-level comparison across luminosity and redshift.

This likelihood-free framework isolates forward-modelling variance from intrinsic differences in simulation physics. Ultimately, this approach moves beyond simple mock comparisons, offering a diagnostic tool to disentangle observational effects from true physical discrepancies, and showing how best to calibrate forward-modelling pipelines to systematically constrain our understanding of AGN emission models."
session,eduardo albuquerque hartmann talk thursday june 25th 10 45 11 00,Eduardo Albuquerque Hartmann,Eduardo Albuquerque Hartmann,Talk,Thursday (June 25th),10:45 - 11:00,,,Connecting Stars and Gas: a data driven approach to modeling gas emission based on stellar continuum using DESI,"Recent and upcoming large-scale spectroscopic surveys such as DESI, WEAVE, and 4MOST are providing an unprecedented view of galaxies across a wide redshift range. This vast amount of data poses a challenge for analysis with traditional tools. At the same time, it coincides with a revolution in machine learning, particularly deep learning and foundation models, which are uniquely capable of absorbing this wealth of information. In this context, we have leveraged data from DESI DR1 to develop a foundation model that encodes fundamental information from the stellar populations and gas emission in galaxies. We demonstrate that the resulting aligned  embedding space can be used to robustly and efficiently obtain properties such as color, emission-line equivalent widths, and even fundamental galaxy properties such as mass and age. More importantly, it can be used to reconstruct emission lines using continuum input alone, providing a fast, reliable, and purely empirical alternative to codes such as Cloudy, thereby establishing a powerful connection between stellar and gas physics. Finally, we show how this approach is being integrated into an SBI pipeline to infer star formation histories and galaxy properties, enabling deeper insights into galaxy evolution."
session,shun ya s uchida talk friday june 26th 10 45 11 00,Shun-ya S. Uchida,Shun-ya S. Uchida,Talk,Friday (June 26th),10:45 - 11:00,,,Quantifying Environmental Information in Galaxy Evolution with Interpretable Machine Learning,"Understanding galaxy evolution requires disentangling the nonlinear connections between galaxies, dark matter, and their environments across cosmic time. We present an interpretable machine-learning framework that quantifies two complementary definitions of environment. First, we define the spatial environment as the distribution of neighbouring galaxies at z = 0. Using hydrodynamical simulations, we train a neural network to predict galaxy properties from host and neighbouring subhalo properties. Explainable AI analysis then quantifies environmental parameters driving secondary dependencies beyond halo mass, as a function of galaxy type and mass, — providing physical insight into the environmental effect of galaxy formation. Second, we define the primordial environment as the initial dark matter field that causally encodes present-day galaxy properties through structure formation. We train a convolutional neural network that maps the initial density and velocity fields at z = 20 directly to z = 0 galaxy properties. Explainable AI analysis reveals which spatial regions and patterns in the initial conditions carry predictive information for baryonic observables, extending recent CNN-based halo-mass prediction studies to galaxy properties. This forward-modelling approach — from initial conditions to galaxy observables — is relevant to field-level inference with SBI. Our results offer quantitative, interpretable insights into the nonlinear encoding of initial conditions in galaxy observables."
session,stephen thorp talk tuesday june 23rd 11 00 11 15,Stephen Thorp,Stephen Thorp,Talk,Tuesday (June 23rd),11:00 - 11:15,University of Cambridge,,pop-cosmos: simulating and inferring galaxy properties with a generative model,"Projects such as the Vera C. Rubin Observatory and Euclid offer a huge opportunity to study galaxies and their evolution across wide areas of the sky. However, this is only possible if we are able to efficiently and accurately model our observations of the galaxies, and thus infer their redshifts and physical properties from limited photometric data (typically 4-10 bands). The pop-cosmos framework is a stellar population synthesis (SPS)-based generative model for the galaxy population, built around a machine-learned prior (a score-based diffusion model) over 16 galaxy-level parameters, and trained on 26-band photometry taken from the Cosmic Evolution Survey (COSMOS). In this tutorial, we will demonstrate several aspects of the public pop-cosmos codebase (https://github.com/Cosmo-Pop/pop-cosmos): (i) using the population model as a forward simulator of galaxy photometry and spectral energy distributions (SEDs); (ii) performing galaxy-level Bayesian inference  with the trained diffusion model as a prior; and (iii) amortizing galaxy-level inference with flow-based models built using our public library (https://github.com/Cosmo-Pop/flowfusion)."
session,steven ramnichal talk tuesday june 23rd 11 15 11 30,Steven Ramnichal,Steven Ramnichal,Talk,Tuesday (June 23rd),11:15 - 11:30,,,Panchromatic modelling of resolved high-z galaxy observations using Bayesian Neural Networks,"Galaxy growth has traditionally been explored through two complementary perspectives: the build-up of stellar mass inferred from galaxy integrated SED modelling, and the growth in size captured by high-resolution imaging. Together, these methods have driven substantial progress in our understanding of galaxy evolution. However, SED fitting typically relies on simplified assumptions, such as a foreground dust screen and a non-varying stellar population, limiting the physical realism of inferred properties. In parallel, increasingly rich datasets on high-redshift galaxies (from UV to mm) gathered from deep multi-wavelength observations suffer from differing spatial resolutions, resulting in a mixture of highly resolved, marginally resolved and unresolved data. To address both limitations, we developed a novel modelling technique aimed at maximally exploiting all of this rich yet varied information without sacrificing unresolved or poorly resolved bands, and without sacrificing resolution where available. Our modelling approach is fundamentally 3D in nature, and extracts information on stellar populations and their radial variations as well as star-dust geometries, without imposing an attenuation law a priori. We jointly model observational constraints on wavelength dependent fluxes, sizes, Sérsic profile shapes, and axial ratios using a computationally efficient machine learning emulator trained on an extensive toy model library of dust radiative transfer calculations. Applications to TNG50 galaxies and the COSMOS/GOODS-South fields will be discussed in detail."
session,suchetha cooray talk tuesday june 23rd 11 30 11 45,Suchetha Cooray,Suchetha Cooray,Talk,Tuesday (June 23rd),11:30 - 11:45,,,The Next UniverseMachine: An Empirical Galaxy Formation Forward Model Calibrated Across Cosmic Time with JWST and Beyond,"Empirical galaxy formation models offer a powerful complement to more physics-first simulations: they are flexible, observation-driven, and computationally tractable enough to enable rigorous statistical inference. We present UniverseMachine (UM) DR2 , a major update to the pre-JWST UniverseMachine framework (Behroozi et al. 2019).  UM DR2 now matches a comprehensive compilation of observational constraints spanning z ∼ 0–20, including the latest JWST observations at z > 10 that challenged earlier models. Now the model simultaneously reproduces key observable statistics, like stellar mass functions, UV luminosity functions, bursty star formation rate distributions, cosmic star formation rate density, and quiescent fractions across the full observed redshift range. The model encodes the galaxy-halo connection through a minimal, physically motivated parametrization of star formation rates as a function of halo mass, mass accretion rate, and redshift, preserving cosmological consistency while remaining sufficiently flexible to capture the uncertain physics. We leveraged simulation-based inference to perform posterior estimation over the full model parameter space, enabling rigorous uncertainty quantification and principled model comparison that would be intractable with traditional sampling approaches. I will present the current calibrated model and discuss about the physical drivers of galaxy growth and quenching across cosmic time.  We provide public catalogs that will enable forward-modeling and SBI applications with JWST, Roman, Rubin LSST, and PFS."
session,ming shau liu talk wednesday june 24th 11 30 11 45,Ming-Shau Liu,Ming-Shau Liu,Talk,Wednesday (June 24th),11:30 - 11:45,,,Continuous Representations of Baryonic Feedback for Robust Inference from Multiple Simulation Suites,"Accurate modeling of baryonic physics remains a major challenge for precision cosmology due to our incomplete understanding of complex subgrid processes, like star formation and feedback from supernovae and active galactic nuclei below ~10 Mpc scales. This uncertainty leads to different hydrodynamical simulation suites to implement fundamentally different prescriptions for these unresolved physics. Current simulation-based inference approaches rely therefore on discrete sets of simulators, each encoding specific physical assumptions, making it difficult to robustly quantify theoretical uncertainties and learn about the underlying physics from observations. We introduce a machine learning framework that learns continuous representations of baryonic feedback across multiple simulation suites, to enable interpolation between different physical implementations while providing robust uncertainty quantification. Our approach addresses the key challenge of marginalizing over theoretical uncertainties represented by various simulators while simultaneously constraining the underlying baryonic physics from observations. We frame this as learning a shared continuous latent representation of the physics implemented across different simulators, allowing us to both marginalize over and constrain a continuous baryonic parameter space. Using the CAMELS simulation suite, we demonstrate our method on several baryonic fields including stellar mass, gas density, temperature, and pressure fields. This framework provides a path toward more robust cosmological inference by properly accounting for theoretical uncertainties in baryonic modeling while extracting maximum information about the underlying physical processes from current and future surveys."
session,dakshesh kololgi talk thursday june 25th 11 30 11 45,Dakshesh Kololgi,Dakshesh Kololgi,Talk,Thursday (June 25th),11:30 - 11:45,,,Learning the Cosmic Web: Inferring Cosmic Web Environments of Galaxies from Surveys,"Forthcoming and ongoing large galaxy surveys such as DESI offer unprecedented opportunities to study how the Cosmic Web influences galaxy formation and evolution. A central challenge, however, is inference of galaxy environments in observational data, where the underlying dark matter density is not directly accessible.

We present a novel, graph-based SBI framework designed to robustly infer the dynamical Cosmic Web environments of survey galaxies. The method is trained on dark-matter particle catalogues from cosmological simulations, learning the relationship between local galaxy connectivity and large-scale dark matter structure without explicit density reconstruction. Our initial results demonstrate that this approach can accurately recover cosmic web environments in simulation data. Building on this, we extend the framework by forward-modelling key observational effects, including survey selection functions and redshift-space distortions, enabling more realistic application to galaxy surveys.

Our work provides a scalable and physically motivated pathway for environmental classification in galaxy surveys, which will facilitate systematic studies of the impact of the cosmic web on galaxy formation and evolution."
session,shichen su talk friday june 26th 11 30 11 45,Shichen Su,Shichen Su,Talk,Friday (June 26th),11:30 - 11:45,,,Fast Stellar Age Inference for Galactic Archaeology with SBI,"Understanding the assembly history of the Milky Way requires precise stellar ages across large populations. These ages help to disentangle different merger events and constrain galactic chronology. Large-scale spectroscopic surveys are central to this effort: DESI and Gaia XP have already delivered stellar parameters (e.g., Teff and [Fe/H]) for millions of stars, and upcoming surveys like WEAVE and 4MOST will expand this dataset further. These parameters break degeneracies around the main-sequence turn-off and subgiant branch, enabling precise age-determination via isochrone fitting in these regions. However, traditional Bayesian methods require running iterative sampling algorithms independently for each star, creating a computational bottleneck when scaling to millions of targets. 

Simulation-based inference offers a solution to this problem through amortised inference. In this work, we train a neural posterior estimator on MIST isochrones to infer ages from spectroscopic stellar parameters, photometry and parallax. By training on clean simulated data, and handling observational noise through importance sampling at inference time, the same model can flexibly accommodate varying survey noise levels without retraining. We present preliminary applications to DESI Milky Way Survey data, and demonstrate the feasibility of fast, population-scale age inference for a more granular view of our Galaxy’s evolutionary timeline."
session,lawrence faria talk tuesday june 23rd 11 45 12 00,Lawrence Faria,Lawrence Faria,Talk,Tuesday (June 23rd),11:45 - 12:00,,,Diffusion-Based Inference of HI Kinematics in Ultra-Diffuse Galaxies,"Ultra-Diffuse Galaxies (UDGs) are an extreme population of low surface brightness galaxies that challenge our understanding of galaxy formation and evolution. Despite their faint stellar component, many are rich in neutral hydrogen (HI), making them ideal targets for kinematic studies. However, the limited spatial resolution, low rotation speeds, and uncertain inclinations typical of UDGs place these systems in a regime where traditional tilted-ring kinematic models are poorly constrained, complicating efforts to determine their dark matter content and evolutionary pathways.

Using new VLA HI observations together with forward-modelled synthetic data cubes, we are developing diffusion models as a simulation-based inference approach to recover galaxy kinematics directly from HI data. Trained on simulated observations, these models provide a framework for inferring kinematic parameters and their uncertainties in regimes where traditional methods are uncertain. In this talk, I will present the VLA HI observations, preliminary kinematic modelling, and the development of diffusion-based inference for HI-rich UDGs."
session,leonor simoes talk wednesday june 24th 11 45 12 00,Leonor Simões,Leonor Simões,Talk,Wednesday (June 24th),11:45 - 12:00,,,Implementing Three-Dimensional Intrinsic Alignment Models in Projected Simulations,"Intrinsic alignments (IA) are one of the dominant astrophysical systematics for weak lensing surveys. However, higher-order IA models such as tidal alignment and tidal torquing (TATT) are formulated in three dimensions, whereas many simulations and analyses operate on projected two-dimensional quantities. This mismatch raises both practical and conceptual questions about how such models should be applied when only projected information is available.
In this work, I present a field-level implementation of the TATT model applied directly to large-volume N-body simulations, with particular attention to projection effects and ensuring consistency between the three-dimensional model and its projected statistical observables. I quantify the impact of applying the alignment model before versus after projection, and examine how this choice affects the recovered power spectrum. By comparing the full three-dimensional implementation to projected reconstructions, I show that simplified pipelines can introduce biases in both the amplitude and scale dependence of intrinsic alignment signals.
I highlight practical numerical and projection-related challenges that arise when modeling IA at the field level, which are important considerations for forward-modelling and likelihood-free inference methods applied to weak lensing and galaxy evolution."
session,timo kist talk thursday june 25th 11 45 12 00,Timo Kist,Timo Kist,Talk,Thursday (June 25th),11:45 - 12:00,,,Learning Reionisation History with Normalising Flows,"Understanding the Epoch of Reionisation remains one of the pivotal tasks for galaxy evolution studies, and next-generation telescopes such as EUCLID and JWST are opening up the path to the first precision constraints on reionisation derived from the Lyman-alpha damping wing signature imprinted by the foreground neutral intergalactic medium (IGM) on the spectra of high-redshift sources such as quasars and – as recent JWST observations have been hinting at – galaxies.

We developed a new simulation-based inference framework – coded fully differentiably in the ML framework JAX – to disentangle the IGM damping wing from a quasar's unknown intrinsic spectrum and infer its lifetime as well as two physical measures of the local ionisation topology in front of the source: the HI column density and its distance to the first neutral patch. Our pipeline accounts for all relevant modelling uncertainties, caused by IGM transmission fluctuations, quasar continuum reconstruction, and spectral noise. Enabled by a normalising flow model as neural likelihood estimator, our framework is the first that harnesses the full-resolution spectral information, including the highly non-Gaussian pixels blueward of the Lyman-alpha line. By analysing higher-order statistics of synthetic flow-generated spectra, we demonstrate that our flow model has truly learned non-Gaussian information, significantly tightening the resulting parameter constraints.

Based on realistic mock spectra resembling the distribution of our ongoing 94-hour Cycle 4 JWST program and upcoming quasars found by Euclid, we show that we will soon be able to robustly constrain the evolution of the IGM neutral fraction at the < 5% level between 6 ≲ z ≲ 10. We present the first such constraints for 41 ground- and/or JWST-based quasar spectra at 5.75 < z < 7.6, constraining both the global timing and the local ionisation topology near these objects. We also discuss how to extend these constraints to even higher redshifts by analysing galaxy spectra from JWST."
session,richard brooks talk friday june 26th 11 45 12 00,Richard Brooks,Richard Brooks,Talk,Friday (June 26th),11:45 - 12:00,,,The Milky Way - Large Magellanic Cloud Interaction with Simulation Based Inference,"The recent infall of the Large Magellanic Cloud (LMC) into the Milky Way (MW) has displaced the MW’s centre of mass, leaving a detectable dynamical imprint in the velocities of distant halo stars.

I will present a Simulation-Based Inference (SBI) framework that simultaneously constrains the properties of the MW, the LMC, and the induced reflex motion using the dynamics of the outer MW halo. Using stellar kinematics from the Dark Energy Spectroscopic Instrument (DESI) together with the H3, SEGUE, and MagE outer halo surveys, I will present the latest constraints on the MW’s reflex velocity and the enclosed masses of both galaxies.

These results imply that the LMC is a significant dynamical perturber, with a total mass of at least ~20% of the MW's mass.

Beyond these specific measurements, I will demonstrate how this SBI framework provides a fast, flexible, and scalable approach for interpreting halo kinematics in the upcoming large data era of spectroscopic surveys."
session,chenze dong talk wednesday june 24th 12 00 12 15,Chenze Dong,Chenze Dong,Talk,Wednesday (June 24th),12:00 - 12:15,,,Field-Level Inference with Explicit and Implicit Likelihoods,"Inferring the initial conditions of the Universe from large-scale structure data lies at the heart of field-level inference, which seeks to go beyond traditional summary statistics by modelling the full density field. We present MaiGO, a field-level inference framework built upon a differentiable particle–mesh simulator, enabling gradient-based inference in high-dimensional initial condition spaces. Galaxy observables are incorporated through flexible forward models that connect the evolved matter field to tracer populations. In the first part, we demonstrate inference with an explicit likelihood constructed from a parametric galaxy bias model with a tractable probabilistic form, and present its application to FLIMFLAM, a fast radio burst foreground mapping survey. In the second part, we replace the analytic likelihood with an implicit, simulation-based likelihood implemented via a generative neural network trained on hydrodynamic cosmological simulations. We show inference results on the SIMBA simulation suite, where the likelihood incorporating both galaxy positions and stellar masses. Finally, we outline the application of MaiGO to the CAMELS simulation suite, enabling joint constraints on the initial conditions, astrophysical parameters, and cosmological parameters within a unified differentiable framework. This approach bridges explicit likelihood-based methods and modern simulation-based inference, providing a viable pathway toward cosmology and galaxy evolution constraints at the field level."
session,caterina bracci talk thursday june 25th 12 00 12 15,Caterina Bracci,Caterina Bracci,Talk,Thursday (June 25th),12:00 - 12:15,,,Mapping Nebular Structure and ISM Conditions with SBI,"Inferring the physical conditions of the ionised interstellar medium (ISM) from nebular emission lines is central to understanding star formation and chemical enrichment in galaxies. Yet, it remains a challenging inverse problem, especially as modern spectroscopic surveys deliver data at unprecedented scale and complexity.
Hence, I present two frameworks that leverage machine learning and physically motivated forward simulations to analyse spectroscopic observations of the ionised ISM in local galaxies. 
First, I show how we use synthetic spectra generated with photoionisation models under realistic observational conditions to train a neural network to identify different nebular regions and separate them from the surrounding diffuse ionised gas in integral field data cubes. By training directly on simulated data, the model learns robust spectral features beyond simple line-ratio thresholds. Consequently, the model defines physically meaningful nebular boundaries that account for line-of-sight superpositions. Additionally, we apply interpretability methods to identify which spectral features drive the network’s classification, allowing us to both verify that the model relies on physically meaningful emission lines and explore potential new diagnostics.
Building on a similar forward-modelling method, I then present a simulation-based inference framework to constrain ISM physical conditions, delivering full posterior distributions for metallicity, ionisation parameter, and relative abundances without requiring an explicit likelihood. The retrieved posterior distributions are consistent with results from traditional Bayesian approaches, such as Nested Sampling, while the increased inference speed enables efficient analysis of modern spectroscopic surveys.
Together, these machine learning techniques offer a promising route to extract detailed ISM physics from modern IFS campaigns probing the star formation and feedback scales in the local Universe."
session,thomas bebbington talk friday june 26th 12 00 12 15,Thomas Bebbington,Thomas Bebbington,Talk,Friday (June 26th),12:00 - 12:15,,,Simulation Based Inference for Understanding the Role of AGN in Galaxy Evolution,"Euclid will observe close to one billion galaxies across a wide range of cosmic time, providing opportunity to investigate the processes behind galaxy evolution and the influence Active Galactic Nuclei (AGN) have on their host systems. Maximising the scientific insights from such large datasets requires inference frameworks that can quickly and efficiently connect observations to theoretical models. AGN are known to play an important role in suppressing galaxy and stellar formation, providing feedback to their local surroundings. In order to understand their role and impact in galaxy evolution, detailed modelling is important to capture all the physics involved. To reflect the data gathered by Euclid, this modelling needs to take place within cosmological scale hydrodynamical simulations. However, at these scales numerical resolution limitations prevent AGN from being resolved directly, requiring their feedback to be implemented through sub-grid models. The parameterisation and calibration of these models strongly affect simulated galaxy properties, leading to modelling uncertainties that limit their comparison with survey data. By combining cosmological simulations and the software package Synthesizer to generate realistic synthetic observables, I plan to use simulation based inference and Euclid data to directly compare cosmological simulation predictions to observational data, with a particular focus on the AGN sub-grid physics implemented. I will outline a general framework for applying SBI techniques to large extragalactic surveys such as Euclid, highlighting their potential to advance our understanding of the role AGN play in galaxy evolution and cosmological simulations."
session,giuseppe viterbo talk wednesday june 24th 12 15 12 30,Giuseppe Viterbo,Giuseppe Viterbo,Talk,Wednesday (June 24th),12:15 - 12:30,,,Compositional Score modelling for Hierarchical inference,"I would like to present a hierarchical simulation-based inference (SBI) framework via compositional score modeling to reconstruct the Milky Way potential using stellar streams observations. Traditional SBI approaches often struggle with scalable aggregation of multiple observations, especially when inference targets include both global physical parameters (e.g., host-galaxy potential, ) and local nuisance parameters (e.g., progenitor or orbital parameters). Compositional score modeling offers a principled mechanism to approximate the score (gradient of the log posterior) of a high-dimensional target posterior by combining learned individual posterior scores associated with each observation, enabling scalable and sample-efficient inference without explicit likelihood evaluations."
session,uzay ayd n remote talk thursday june 25th 12 15 12 30,Uzay Aydın,Uzay Aydın,Remote talk,Thursday (June 25th),12:15 - 12:30,,,Photometry Based Inference of Galaxy Evolution Parameters with SpecLess: A Simulation Based Inference Approach,"In recent years, large-area sky surveys have dramatically increased the volume and diversity of photometric data, providing a powerful resource for galaxy classification and physical parameter estimation. However, connecting observational data to galaxy evolution models remains challenging due to the absence of an explicit likelihood function linking simulations and observations, which limits the applicability of traditional Bayesian inference techniques.

In this work, we introduce SpecLess, a machine learning pipeline designed to classify galaxies using photometric data alone, without relying on spectroscopic information. Beyond standard classification tasks, we extend this framework toward a Simulation-Based Inference (SBI) approach. SBI enables parameter inference in scenarios where likelihood functions are intractable by learning the relationship between simulated data and observations through forward modeling.

Using synthetic photometry generated from physically motivated galaxy evolution models, we train neural density estimators to approximate the posterior distributions of key physical parameters, such as star formation rate, dust attenuation, and AGN contribution. In this formulation, photometric observations are mapped not only to discrete galaxy classes but to probabilistic constraints on the underlying evolutionary parameters.

The SBI-based SpecLess framework provides a statistically consistent link between photometric survey data and galaxy evolution models, enabling both classification and physical inference within a unified methodology. This approach is particularly well suited for forthcoming large photometric surveys, where spectroscopic coverage will be limited and forward-modeling techniques will play a central role in interpreting galaxy populations. Our results demonstrate the potential of simulation-based inference to bridge the gap between observational photometry and theoretical models of galaxy evolution."
session,subhrata dey talk friday june 26th 12 15 12 30,Subhrata Dey,Subhrata Dey,Talk,Friday (June 26th),12:15 - 12:30,,,Deep learning approaches for galaxy merger identification and classification: bridging simulations and observations,"Galaxy mergers play a central role in the hierarchical assembly of galaxies, driving bursts of star formation, triggering AGN activity, and reshaping galaxy structure. However, robustly identifying mergers and distinguishing their evolutionary stages (pre-merger and post-merger) from imaging data alone remains challenging, particularly in the era of wide-field surveys with millions of galaxies.
We present a supervised deep learning framework trained on mock IllustrisTNG galaxy images forward-modeled to match Hyper Suprime-Cam (HSC) observations (Margalef-Bentabol et al. 2024). Using convolutional neural networks (CNNs), we develop a three-class classifier (non-merger, pre-merger, post-merger). To enhance robustness and mitigate architecture-dependent biases, we train multiple CNN backbones and combine them within an ensemble framework. This ensemble strategy leverages complementary feature sensitivities across models, significantly improving classification accuracy and reliability.
We evaluate performance on both synthetic and real HSC data, assessing domain transfer and generalizability, key challenges for simulation-based inference in galaxy evolution. The resulting framework produces science-ready merger catalogs for the North Ecliptic Pole (NEP) field, enabling statistically robust studies of merger-driven star formation, black hole growth, and structural transformation."
session,luca tortorelli invited talk tuesday june 23rd 13 30 14 00,Luca Tortorelli,Luca Tortorelli,Invited talk,Tuesday (June 23rd),13:30 - 14:00,Ludwig-Maximilians-Universitaet,,Measuring the Galaxy Stellar Mass Function in HSC Deep Fields with simulation-based inference,"In this talk I will present ongoing work to measure the Galaxy Stellar Mass Function (GSMF) in the HSC Deep fields using simulation-based inference with an end-to-end, image-level forward model. We simulate HSC Deep fields with GalSBI-SPS (Tortorelli+25a), a stellar population synthesis (SPS)-based galaxy population model that generates intrinsic physical properties, maps them to multi-band photometry through SPS SED modelling (and through the emulator ProMage, Tortorelli+25b), and producees realistic survey images that can be processed with the same measurement and selection machinery as the data. We constrain the model with Approximate Bayesian Computation (ABC) by matching summary statistics of the observed HSC catalogues to those measured on the simulated images, thereby marginalising over incompletenesses and measurement biases induced by crowding and detection thresholds. Once a tight posterior is obtained, we will measure the GSMF as a posterior-predictive quantity, propagating uncertainties from both astrophysical population parameters and observational effects. This will return an internally consistent GSMF measurement for a dataset that is both deep and affected by blending in ways that closely anticipate Stage IV challenges, providing a framework that can be straightforwardly extended to wider-area data and to joint spectrophotometric constraints."
session,patricia iglesias navarro talk tuesday june 23rd 14 00 14 30,Patricia Iglesias Navarro,Patricia Iglesias Navarro,Talk,Tuesday (June 23rd),14:00 - 14:30,Instituto de Astrofísica de Canarias,,,
session,johannes buchner invited talk wednesday june 24th 14 00 14 30,Johannes Buchner,Johannes Buchner,Invited talk,Wednesday (June 24th),14:00 - 14:30,Max Planck Institute for extraterrestrial Physics,,A simulation-based likelihood for X-ray surveys to probe AGN-galaxy coevolution,"How black holes accrete to super-massive monsters in centres of nuclear galaxies and in this luminous process impact galaxies is a key open question in galaxy evolution. The puzzle has remained in many pieces: Selection effects confuse, and most studies focus on two or three parameters. Yet, these indicate a multi-variate, probabilistic link between AGN accretion, obscuration, and the host galaxy's mass, star-formation, and morphology. A new window to cleanly select statistical samples to investigate these inter-dependencies opened with eROSITA. We aim to develop a scalable analysis of the X-ray to IR SED for millions of sources, to decode which host galaxies preferentially undergo a quasar phase and experience its energy release. Starting from the known evolving galaxy population, we trigger AGN with parametric probabilistic distributions and generate X-ray survey samples. To generate galaxy-AGN fluxes with realistic errors, we use the new GRAHSP SED fitting engine, validated to retrieve host galaxy mass even in bright AGN. To feasibly compute survey likelihoods we introduce a new machine-learning-based survey likelihood, supported by an explicit generative model and advances in deep neural network models. The likelihood allows building extensible models. In our application, we explore the mass and star-formation-dependence of AGN triggering, jointly with the geometry of the AGN accretion engine."
session,carolina cuesta lazaro invited talk friday june 26th 14 00 14 30,Carolina Cuesta-Lazaro,Carolina Cuesta-Lazaro,Invited talk,Friday (June 26th),14:00 - 14:30,"CCA, Flatiron Institute",,,
session,benedict van den bussche talk tuesday june 23rd 14 30 14 45,Benedict Van den Bussche,Benedict Van den Bussche,Talk,Tuesday (June 23rd),14:30 - 14:45,,,Decoding the SED: A Data-Driven Map of Galaxy Evolution,"The mapping between galaxy observables -both spectra and photometry- and their underlying physical properties is inherently non-linear and complex. With an unprecedented volume of data, high-precision interpretation of these observables is essential to understanding galaxy evolution across cosmic time. In this talk, I present our data-driven framework to decode this relationship using the pop-cosmos generative galaxy population model.
Using a combination of Mutual Information (MI) and beta-Variational Autoencoders (beta-VAE), I identify the most informative astrophysical features encoded within broadband colours, emission lines, and SEDs across cosmic time. Our trained beta-VAE reconstructs galaxy SEDs with high fidelity (2% fractional error) while successfully disentangling the 5 latent ""building blocks"" of the SED. I will demonstrate how these learned representations map to five key physical parameters -mass, star formation rate, metallicity, dust attenuation, and ionization- and three critical spectral features, including the 4000 Å break. This work provides a robust, interpretable map for bridging the gap between raw data and the fundamental processes driving galaxy evolution."
session,joey braspenning talk wednesday june 24th 14 30 14 45,Joey Braspenning,Joey Braspenning,Talk,Wednesday (June 24th),14:30 - 14:45,,,Inferring cluster thermodynamics from X-ray spectra,"Understanding the thermodynamic state of galaxy clusters is of paramount importance to understanding their evolution and constraining baryonic physics. Traditional methods of inferring temperature and metallicity typically extract a single value, which, it has recently been shown, can be significantly biased. We completely circumvent this problem, by applying simulation-based-inference (SBI) to spectra of individual lines-of-sight (LOS) of galaxy groups and clusters, extracting the full temperature distribution. Our SBI uses a convolutional neural network with two separate branches for the continuum and line emission, trained on output from the TNG-Cluster simulations. We generate both XRISM- and CHANDRA-like spectra for each gas cell in the simulation and use LOS projected spectra to train simultaneously on low- and high-resolution spectra. The result is a tool that can take an X-ray spectrum coming from either an CCD or microcalorimeter and reproduce the line-of-sight temperature distribution. We show that, despite not having any spatial information, the SBI can reconstruct physically meaningful 2D maps of the clusters, highlighting the multi-phase medium."
session,bayesflow tutorial thursday june 25th 14 30 17 30,bayesflow,Giuseppe Viterbo,Tutorial,Thursday (June 25th),14:30 - 17:30,,,,
session,active learning tutorial thursday june 25th 14 30 17 30,Active Learning,Grant Stevens,Tutorial,Thursday (June 25th),14:30 - 17:30,University of Bristol,,,
session,pop cosmos tutorial thursday june 25th 14 30 17 30,pop-cosmos,Stephen Thorp,Tutorial,Thursday (June 25th),14:30 - 17:30,University of Cambridge,,pop-cosmos: simulating and inferring galaxy properties with a generative model,"Projects such as the Vera C. Rubin Observatory and Euclid offer a huge opportunity to study galaxies and their evolution across wide areas of the sky. However, this is only possible if we are able to efficiently and accurately model our observations of the galaxies, and thus infer their redshifts and physical properties from limited photometric data (typically 4-10 bands). The pop-cosmos framework is a stellar population synthesis (SPS)-based generative model for the galaxy population, built around a machine-learned prior (a score-based diffusion model) over 16 galaxy-level parameters, and trained on 26-band photometry taken from the Cosmic Evolution Survey (COSMOS). In this tutorial, we will demonstrate several aspects of the public pop-cosmos codebase (https://github.com/Cosmo-Pop/pop-cosmos): (i) using the population model as a forward simulator of galaxy photometry and spectral energy distributions (SEDs); (ii) performing galaxy-level Bayesian inference  with the trained diffusion model as a prior; and (iii) amortizing galaxy-level inference with flow-based models built using our public library (https://github.com/Cosmo-Pop/flowfusion)."
session,galsbi tutorial thursday june 25th 14 30 17 30,GalSBI,Luca Tortorelli,Tutorial,Thursday (June 25th),14:30 - 17:30,Ludwig-Maximilians-Universitaet,,"GalSBI: Accurate Photometric, Morphological and Spatial Galaxy Distributions with Simulation-Based Inference","Accurate modelling of galaxy populations is critical for unlocking the full potential of cosmological large-scale structure surveys, from quantifying selection effects to image-based calibration and photometric redshift estimation. In this talk, I will present GalSBI, an open-source framework for constructing highly realistic synthetic galaxy catalogs, constrained end-to-end with simulation-based inference.

GalSBI combines parametric descriptions of luminosity functions, morphologies, and spectral energy distributions with SHAM-OT — a novel subhalo abundance matching scheme based on optimal transport — to jointly model the photometric and spatial properties of observed galaxy populations. Model parameters are inferred via an iterative Approximate Bayesian Computation scheme by comparing HSC and DES imaging data to forward-modelled image simulations incorporating instrumental, observational, and source-extraction effects, including PSF and background variations and source blending. The resulting framework simultaneously reproduces observed magnitudes, colors, sizes, redshift distributions, and clustering statistics with high fidelity. By linking intrinsic galaxy populations to realistic image-level observables within a unified inference framework, GalSBI provides a scalable foundation for precision cosmology in current and next-generation surveys."
session,synthesizer tutorial thursday june 25th 14 30 17 30,Synthesizer,Chris Lovell,Tutorial,Thursday (June 25th),14:30 - 17:30,University of Cambridge,,,
session,jonah rose remote talk friday june 26th 14 30 14 45,Jonah Rose,Jonah Rose,Remote talk,Friday (June 26th),14:30 - 14:45,,,"Disentangling Feedback and Variance in 1,024 Milky Way-Mass DREAMS Simulations","We introduce a simulation-based inference framework built upon the DREAMS Project, a new suite of 1,024 cosmological hydrodynamical zoom-in simulations of Milky Way-mass halos [2512.00148]. Designed to systematically disentangle theoretical uncertainties in sub-grid physics from intrinsic halo-to-halo variance, this suite varies key astrophysical parameters governing supernova wind energy, wind speed, and AGN feedback efficiency within the IllustrisTNG model.

We introduce a novel observational weighting scheme, applying pseudo-posterior constraints based on the empirical stellar mass-halo mass relation [2602.03613]. This inference pipeline reveals broad degeneracies in the fiducial feedback parameters, demonstrating that standard single-model tuning misses complex parameter interdependencies. Using these constraints, we quantify that a Gaia-Sausage-Enceladus-like merger history is exceptionally rare and drives specific structural shifts, though immense halo-to-halo scatter persists. For satellites, our emulator demonstrates that while sub-grid variations regulate stellar mass, intrinsic variance overwhelmingly dominates population statistics [2512.02095]. We also identify a persistent tension where the inferred parameter space fails to reproduce the extended half-light radii of massive satellites observed in the SAGA survey. 

To determine if this size-mass tension is an artifact of the TNG sub-grid model or a broader theoretical challenge, we will also present preliminary results from ongoing extensions to the DREAMS project framework. This includes three new suites of high-resolution dwarf galaxy simulations run with FIRE3, RAMSES, and ChaNGa. Furthermore, we will introduce new mass-varied and resolution-varied simulation suites utilizing the IllustrisTNG and FIRE3 models.
These suites extend the halo mass range to include masses from 10^9 to 10^14, allowing us to recreate uniform box results from a suite of zoom-in simulations."
session,nicholas choustikov talk tuesday june 23rd 14 45 15 00,Nicholas Choustikov,Nicholas Choustikov,Talk,Tuesday (June 23rd),14:45 - 15:00,,,Inferring the contribution of high-redshift galaxies to reionization from JWST/NIRCAM Photometry,"The James Webb Space Telescope is beginning to provide unprecedented constraints on the history of reionization. However, such models are fundamentally limited by our ability to infer not only the number of ionizing photons that early galaxies produce — but chiefly, the fraction of these that are able to escape into the intergalactic medium. This escape fraction is a significant nuisance parameter: popular approaches typically rely on leveraging small samples of low-redshift observations to build phenomenological calibrations which are then extrapolated to high redshift observations. To overcome this challenge, I will present a novel implicit likelihood inference pipeline based around LTU-ILI which is trained on synthetic observations of galaxies in the SPHINX simulation to infer the escaping ionizing luminosity of high-redshift galaxies based only on photometry in the JADES filters. Next, I have deployed this pipeline on a sample of 4,559 galaxies imaged by JADES to investigate the ionizing properties of these galaxies. Using these results, I will present a novel self-consistent lower-bound on the reionization history of GOODS-S, showing that star-forming galaxies are capable of driving reionization to completion by z~5.3.

Finally, I will showcase MEGATRON: a new suite of cosmological zoom simulations for which the spectroscopic properties of 100,000 galaxies are self-consistent predictions. This represents an extensive dataset which can be used to train similar pipelines designed to infer properties of the interstellar medium. With this lens, I will highlight the possibility of using emission lines to disentangle the physics of star formation and feedback in the high-redshift Universe."
session,yichen zang talk wednesday june 24th 14 45 15 00,Yichen Zang,Yichen Zang,Talk,Wednesday (June 24th),14:45 - 15:00,,,Unbiased and Robust Test-time Guidance for Prior Adaptation,"Simulation-Based Inference (SBI) is a cornerstone for parameter inference in scientific disciplines where simulators involve intractable likelihoods. While amortized generative models enable rapid posterior estimation, they are typically constrained by the specific priors used during training, which limits their flexibility when prior knowledge evolves. To overcome this dependency, PriorGuide has been proposed as an inference-time guidance method that attempts to adapt to new priors via reverse transition kernel approximations, making it suffer from systematic bias. Moreover, we find that PriorGuide can exhibit severe numerical instability (e.g., NaNs) in out-of-distribution (OOD) scenarios. To address these challenges, we propose a ratio-estimation-based test-time guidance framework. By leveraging an auxiliary neural ratio estimator (NRE) to learn a score guidance term, our method aims to decouple the inference process from the training prior. Preliminary results suggest that our approach improves robustness to OOD shifts and produces samples that align well with target posteriors. This framework shows promise as a tool for prior shift and sensitivity analysis, potentially allowing researchers to explore various prior updates with greater flexibility."
session,tanmay singh talk friday june 26th 14 45 15 00,Tanmay Singh,Tanmay Singh,Talk,Friday (June 26th),14:45 - 15:00,,,Inferring CGM Cloud Properties Using Simulation-Based Inference,"Understanding the physical state of the circumgalactic medium (CGM) is central to galaxy evolution, but we can only primarily probe it indirectly through absorption lines in background quasar spectra. The standard approach of fitting Voigt profiles and running ionization models works, but it is fundamentally degenerate: very different gas configurations can produce nearly identical absorption features, blended components are hard to disentangle, and propagating uncertainties through the full pipeline is difficult. In this work, we develop a SBI framework that learns to infer multiphase CGM gas properties directly from spectra, trained entirely on synthetic data from the SALSA catalog. SALSA provides millions of sightlines through IllustrisTNG, SIMBA, and EAGLE, each with a realistic synthetic spectrum and full knowledge of every gas cell the sightline intersects. We group these gas cells into physically coherent clouds by clustering in velocity, density, and temperature space, giving us supervised labels for each spectrum: the number of clouds, their individual properties (density, temperature, metallicity, column density, velocity, path length), and halo-scale environmental quantities. Our model uses neural posterior estimation with a 1D convolutional or Transformer encoder feeding into conditional normalizing flows, with physics-informed priors on thermal broadening, density–temperature relations and doublet ratios. We plan to validate first on SALSA sightlines and then apply the framework to real HST/COS data from CGM surveys, benchmarking against traditional Voigt-profile and photoionization analyses. This extends SBI into the structured, multiphase CGM regime."
session,amanda stoffers talk tuesday june 23rd 15 00 15 15,Amanda Stoffers,Amanda Stoffers,Talk,Tuesday (June 23rd),15:00 - 15:15,University of Cambridge,,,
session,gregoire aufort talk wednesday june 24th 15 00 15 15,Gregoire Aufort,Gregoire Aufort,Talk,Wednesday (June 24th),15:00 - 15:15,,,Diffusion based SED fitting,"We present a simulation-based inference (SBI) framework for galaxy SED fitting based on conditional diffusion models, and, to our knowledge, the first application of diffusion-based SBI to this problem. Instead of learning a direct map from photometry to physical parameters, we model the joint distribution of observables and latent quantities, (p(\mathrm{mags}, \theta)), and cast inference as an inpainting task. In this formulation, any subset of entries can be treated as known and the remaining ones are sampled from the posterior, enabling a single trained model to perform both parameter inference and photometric reconstruction.

This approach provides two practical advantages for SED fitting. First, it naturally supports conditioning on externally measured physical quantities (e.g. spectroscopic redshift) by simply marking them as observed variables in the joint state. Second, it handles missing photometric bands at inference time without retraining, imputation heuristics, or Monte Carlo resampling over missing data configurations. The same model can therefore accommodate heterogeneous observational coverage and variable data quality in a unified probabilistic framework.

We demonstrate posterior inference for galaxy physical parameters together with inpainting of masked magnitudes, and show how posterior uncertainties broaden as photometric information is removed while remaining informative through learned cross-band and parameter-photometry correlations. The method yields full posterior samples, supports flexible conditioning, and is computationally efficient at inference once trained. More broadly, this work illustrates how diffusion models can serve as general-purpose SBI engines for high-dimensional astrophysical inverse problems with incomplete observations."
session,alex alarcon talk friday june 26th 15 00 15 15,Alex Alarcon,Alex Alarcon,Talk,Friday (June 26th),15:00 - 15:15,,,Differentiable Forward Modeling of Galaxy Populations with DiffstarPop,"The scientific return of Stage IV cosmological surveys such as Euclid and Rubin–LSST will depend critically on accurate, physically grounded models that connect the growth of galaxies to the underlying large-scale structure, enabling robust interpretation of photometric galaxy samples across cosmic time. In this talk, I will present DiffstarPop, a differentiable generative model of cosmological galaxy star formation histories (SFHs) that establishes a statistical mapping between dark matter halo mass assembly histories and galaxy growth. Built on the physically interpretable Diffmah and Diffstar frameworks, DiffstarPop captures the diversity of galaxy populations, including main-sequence and quenched galaxies, while remaining computationally efficient, generating millions of SFHs in fractions of a second with GPU acceleration. DiffstarPop is designed as a forward-modeling engine of the galaxy-halo connection for next-generation surveys, and I will highlight its role within Diffsky, a simulation-based framework for predicting galaxy SEDs and broadband photometry. This approach enables end-to-end, gradient-based inference pipelines well matched to exploit the statistical power of Stage-IV surveys. By populating large-volume, high-resolution N-body simulations, Diffsky functions as a simulation-based inference engine for cosmology and galaxy evolution. At the same time, it enables Bayesian constraints on the physical properties of observed galaxies through forward modeling of individual galaxy SEDs, incorporating physically motivated assumptions about galaxy formation. Together, these tools provide a scalable and physically interpretable framework for extracting maximal information from the next generation of cosmological surveys."
session,richard stiskalek talk tuesday june 23rd 15 15 15 30,Richard Stiskalek,Richard Stiskalek,Talk,Tuesday (June 23rd),15:15 - 15:30,,,,
session,philippa cole talk wednesday june 24th 15 15 15 30,Philippa Cole,Philippa Cole,Talk,Wednesday (June 24th),15:15 - 15:30,Università degli Studi di Milano-Bicocca,,,
session,james kostas ray talk friday june 26th 15 15 15 30,James Kostas Ray,James Kostas Ray,Talk,Friday (June 26th),15:15 - 15:30,University of Cambridge,,Image-Based Inference: Bridging Photometric Surveys and Spectroscopic Constraints,"Modern galaxy surveys are increasingly photometry dominated with wide field imaging campaigns observing orders of magnitude more objects than spectroscopic surveys can feasibly target. While spectroscopy provides physically interpretable constraints on stellar populations, star formation histories, metallicities, and dust, its limited coverage creates a bottleneck for population level inference. This imbalance demands new methodologies that transfer spectroscopic information into the vastly larger imaging domain.

This work develops a likelihood free, image based inference framework that directly maps observed multiband galaxy images to posterior distributions over spectroscopically derived physical properties. Only recently have hydrodynamical simulations begun to produce galaxy morphologies that resemble those observed in modern surveys. Rather than relying on simulated images as an intermediary, we instead learn the mapping directly from real data. The approach operates on pixel level imaging information, allowing morphology and structural features to act as primary constraints on physical properties."
session,bayesian evidence discussion tuesday june 23rd 16 00 16 45,Bayesian evidence,Niall Jeffrey,Discussion,Tuesday (June 23rd),16:00 - 16:45,University College London,,,
session,data challenge discussion wednesday june 24th 16 00 16 45,Data challenge,"Luca Tortorelli, Chris Lovell",Discussion,Wednesday (June 24th),16:00 - 16:45,Luca Tortorelli: Ludwig-Maximilians-Universitaet; Chris Lovell: University of Cambridge,,Designing a community data challenge for simulation-based inference in galaxy evolution,"Simulation-based inference (SBI) is rapidly becoming a practical tool for galaxy-evolution problems, but its application raises recurring questions about robustness, model misspecification, scalability, and fair comparison across methods. This is exactly the sort of challenges and solutions this meeting aims to surface through discussion and practical sessions. In this discussion session, Chris Lovell and I will present a proposal for a community data challenge for SBI in galaxy evolution, and we will actively solicit input from participants to define a benchmark that is scientifically meaningful, technically tractable, and future-proof for Stage-IV data regimes. The core motivation is simple: we want to stress-test SBI pipelines beyond “in-model” validation by including deviations that mimic reality, like incomplete or wrong forward models, un-modelled selection effects, and domain shifts between simulations and data.
We propose an open conversation around key design choices for the challenge, which includes:
- What data products? photometry, spectroscopy, or both—and if spectroscopic, 1D spectra or IFU-like data?
- What galaxy population model and volume? how complex should the simulator be, and what “truth” should be hidden vs disclosed?
- What metrics define success? posterior calibration/coverage, parameter recovery under misspecification, posterior predictive checks, out-of-distribution detection, and others.
- Speed vs robustness: should we explicitly reward amortized/fast inference, or prioritize reliability and robust uncertainty quantification?
- Scalability: can the method realistically scale to Stage-IV data volumes and systematics?
- Publication model: a coordinated paper series per method vs a single benchmark paper that collect the results from the various groups.
- Timeline: how much time should we give to researchers before collecting the results?"
session,self hosted ai with openwebui tutorial friday june 26th 16 00 16 45,Self hosted AI with openWebUI,Sotiria Fotopoulou,Tutorial,Friday (June 26th),16:00 - 16:45,University of Bristol,,,
session,degeneracies discussion tuesday june 23rd 16 45 17 30,Degeneracies,Lucas Makinen,Discussion,Tuesday (June 23rd),16:45 - 17:30,,,,
session,synference tutorial wednesday june 24th 16 45 17 30,Synference,Thomas Harvey,Tutorial,Wednesday (June 24th),16:45 - 17:30,University of Manchester,,Synference: Accelerating SED Fitting for Large Galaxy Surveys with SBI,"Understanding galaxy formation and evolution is moving from a data-limited science to a methodology limited science with the advent of new, large photometric and spectroscopic surveys which will observe billions of galaxies over the next decade. Understanding the physics driving these systems often relies on SED fitting, which is a generally a complex, high-dimensional infernce problem with fundamental degeneacies between key parameters of interest. Fitting such models with traditional Bayesian techniques can take minutes to hours per galaxy per core, which is entirely unfeasible for ongoing and future surveys such as those of Euclid, Roman and LSST. 

This talk will explore Synference, a new Python framework aiming to accelerate the use of SBI approaches to SED fitting, which has been shown to produce comparable posterior constraints 1000-10,000x faster than traditional techniques. I will demonstrate the capabilities and results obtainable with Synfernce when applied to JWST and Euclid photometry. I will discuss other applications of Synference enabled by the flexibility and speed of SBI, including resolved, pixel-by-pixel SED fitting, model comparison and selection, and the application of Synference for constraints from spectroscopic confirmation."
session,ai conference feedback session discussion friday june 26th 16 45 17 30,AI conference feedback session,Chris Lovell,Discussion,Friday (June 26th),16:45 - 17:30,University of Cambridge,,,
participant,,Alex Alarcon,,,,,,,,
participant,,Gregoire Aufort,,,,,,,,
participant,,Uzay Aydın,,,,,,,,
participant,,Deaglan Bartlett,,,,,,,,
participant,,Thomas Bebbington,,,,,,,,
participant,,Boris Bolliett,,,,,,,,
participant,,Caterina Bracci,,,,,,,,
participant,,Joey Braspenning,,,,,,,,
participant,,Richard Brooks,,,,,,,,
participant,,Johannes Buchner,,,,,,,,
participant,,Benedict Van den Bussche,,,,,,,,
participant,,Francisco Javier Castander,,,,,,,,
participant,,Nicholas Choustikov,,,,,,,,
participant,,Dawid Chudy,,,,,,,,
participant,,Philippa Cole,,,,,,,,
participant,,Christopher Conselice,,,,,,,,
participant,,Suchetha Cooray,,,,,,,,
participant,,Carolina Cuesta-Lazaro,,,,,,,,
participant,,Sinan Deger,,,,,,,,
participant,,Carolyn Devereux,,,,,,,,
participant,,Subhrata Dey,,,,,,,,
participant,,Chenze Dong,,,,,,,,
participant,,Arya Farahi,,,,,,,,
participant,,Lawrence Faria,,,,,,,,
participant,,Robert Feldmann,,,,,,,,
participant,,Silvan Fischbacher,,,,,,,,
participant,,Sotiria Fotopoulou,,,,,,,,
participant,,Andrew Green,,,,,,,,
participant,,Julian Groth,,,,,,,,
participant,,Eduardo Albuquerque Hartmann,,,,,,,,
participant,,Thomas Harvey,,,,,,,,
participant,,Oscar Hickman,,,,,,,,
participant,,Niall Jeffrey,,,,,,,,
participant,,Christian Kragh Jespersen,,,,,,,,
participant,,Sherman Khoo,,,,,,,,
participant,,Timo Kist,,,,,,,,
participant,,Dakshesh Kololgi,,,,,,,,
participant,,Chris Lovell,,,,,,https://www.christopherlovell.co.uk/,,
participant,,Carolina Mercedes García López,,,,,,,,
participant,,Lucas Makinen,,,,,,,,
participant,,Teresa Matamoro,,,,,,,,
participant,,Patricia Iglesias Navarro,,,,,,,,
participant,,Sophie Newman,,,,,,,,
participant,,Hiranya Peiris,,,,,,,,
participant,,Steven Ramnichal,,,,,,,,
participant,,James Kostas Ray,,,,,,,,
participant,,Alexandre Refregier,,,,,,,,
participant,,Jonah Rose,,,,,,,,
participant,,Alex Saoulis,,,,,,,,
participant,,Ming Shau-Liu,,,,,,,,
participant,,Leonor Lisboa Simoes,,,,,,,,
participant,,Tanmay Singh,,,,,,,,
participant,,Grant Stevens,,,,,,,,
participant,,Richard Stiskalek,,,,,,,,
participant,,Amanda Stoffers,,,,,,,,
participant,,Shichen Su,,,,,,,,
participant,,Stephen Thorp,,,,,,,,
participant,,Luca Tortorelli,,,,,,,,
participant,,Shun-ya S. Uchida,,,,,,,,
participant,,Giuseppe Viterbo,,,,,,,,
participant,,Maximilian von Wietersheim-Kramsta,,,,,,,,
participant,,Yichen Zang,,,,,,,,
